start,end,id,species,sr,db
8/6/2019 0:00,8/6/2019 6:00,657,NOISE,144000,PAM20209_Zahn_narluga_fisher.sqlite3
8/6/2019 6:00,8/6/2019 12:00,658,X085,144000,PAM20209_Zahn_narluga_fisher.sqlite3
8/6/2019 12:00,8/6/2019 18:00,659,X085,144000,PAM20209_Zahn_narluga_fisher.sqlite3
8/6/2019 18:00,8/7/2019 0:00,660,NOISE,144000,PAM20209_Zahn_narluga_fisher.sqlite3
8/7/2019 0:00,8/7/2019 6:00,661,NOISE,144000,PAM20209_Zahn_narluga_fisher.sqlite3
8/7/2019 6:00,8/7/2019 12:00,662,X085,144000,PAM20209_Zahn_narluga_fisher.sqlite3
8/7/2019 12:00,8/7/2019 18:00,663,NOISE,144000,PAM20209_Zahn_narluga_fisher.sqlite3
8/7/2019 18:00,8/8/2019 0:00,664,NOISE,144000,PAM20209_Zahn_narluga_fisher.sqlite3
8/8/2019 0:00,8/8/2019 6:00,665,NOISE,144000,PAM20209_Zahn_narluga_fisher.sqlite3
8/8/2019 6:00,8/8/2019 12:00,666,NOISE,144000,PAM20209_Zahn_narluga_fisher.sqlite3
8/8/2019 12:00,8/8/2019 18:00,667,NOISE,144000,PAM20209_Zahn_narluga_fisher.sqlite3
8/8/2019 18:00,8/9/2019 0:00,668,X085,144000,PAM20209_Zahn_narluga_fisher.sqlite3
8/9/2019 0:00,8/9/2019 6:00,669,NOISE,144000,PAM20209_Zahn_narluga_fisher.sqlite3
8/9/2019 6:00,8/9/2019 12:00,670,NOISE,144000,PAM20209_Zahn_narluga_fisher.sqlite3
8/9/2019 12:00,8/9/2019 18:00,671,NOISE,144000,PAM20209_Zahn_narluga_fisher.sqlite3
8/9/2019 18:00,8/10/2019 0:00,672,NOISE,144000,PAM20209_Zahn_narluga_fisher.sqlite3
8/10/2019 0:00,8/10/2019 6:00,673,NOISE,144000,PAM20209_Zahn_narluga_fisher.sqlite3
8/10/2019 6:00,8/10/2019 12:00,674,NOISE,144000,PAM20209_Zahn_narluga_fisher.sqlite3
8/10/2019 12:00,8/10/2019 18:00,675,NOISE,144000,PAM20209_Zahn_narluga_fisher.sqlite3
8/10/2019 18:00,8/11/2019 0:00,676,NOISE,144000,PAM20209_Zahn_narluga_fisher.sqlite3
8/11/2019 0:00,8/11/2019 6:00,677,X085,144000,PAM20209_Zahn_narluga_fisher.sqlite3
8/11/2019 6:00,8/11/2019 12:00,678,NOISE,144000,PAM20209_Zahn_narluga_fisher.sqlite3
8/11/2019 12:00,8/11/2019 18:00,679,NOISE,144000,PAM20209_Zahn_narluga_fisher.sqlite3
8/11/2019 18:00,8/12/2019 0:00,680,NOISE,144000,PAM20209_Zahn_narluga_fisher.sqlite3
8/12/2019 0:00,8/12/2019 6:00,681,NOISE,144000,PAM20209_Zahn_narluga_fisher.sqlite3
8/12/2019 6:00,8/12/2019 12:00,682,NOISE,144000,PAM20209_Zahn_narluga_fisher.sqlite3
8/12/2019 12:00,8/12/2019 18:00,683,NOISE,144000,PAM20209_Zahn_narluga_fisher.sqlite3
8/12/2019 18:00,8/13/2019 0:00,684,NOISE,144000,PAM20209_Zahn_narluga_fisher.sqlite3
8/13/2019 0:00,8/13/2019 6:00,685,NOISE,144000,PAM20209_Zahn_narluga_fisher.sqlite3
8/13/2019 6:00,8/13/2019 12:00,686,X085,144000,PAM20209_Zahn_narluga_fisher.sqlite3
8/13/2019 12:00,8/13/2019 18:00,687,NOISE,144000,PAM20209_Zahn_narluga_fisher.sqlite3
8/13/2019 18:00,8/14/2019 0:00,688,NOISE,144000,PAM20209_Zahn_narluga_fisher.sqlite3
8/14/2019 0:00,8/14/2019 6:00,689,NOISE,144000,PAM20209_Zahn_narluga_fisher.sqlite3
8/14/2019 6:00,8/14/2019 12:00,690,NOISE,144000,PAM20209_Zahn_narluga_fisher.sqlite3
8/14/2019 12:00,8/14/2019 18:00,691,NOISE,144000,PAM20209_Zahn_narluga_fisher.sqlite3
8/14/2019 18:00,8/15/2019 0:00,692,X085,144000,PAM20209_Zahn_narluga_fisher.sqlite3
8/15/2019 0:00,8/15/2019 6:00,693,NOISE,144000,PAM20209_Zahn_narluga_fisher.sqlite3
8/15/2019 6:00,8/15/2019 12:00,694,NOISE,144000,PAM20209_Zahn_narluga_fisher.sqlite3
8/15/2019 12:00,8/15/2019 18:00,695,NOISE,144000,PAM20209_Zahn_narluga_fisher.sqlite3
8/15/2019 18:00,8/16/2019 0:00,696,NOISE,144000,PAM20209_Zahn_narluga_fisher.sqlite3
8/16/2019 0:00,8/16/2019 6:00,697,NOISE,144000,PAM20209_Zahn_narluga_fisher.sqlite3
8/16/2019 6:00,8/16/2019 12:00,698,X085,144000,PAM20209_Zahn_narluga_fisher.sqlite3
8/16/2019 12:00,8/16/2019 18:00,699,NOISE,144000,PAM20209_Zahn_narluga_fisher.sqlite3
8/16/2019 18:00,8/17/2019 0:00,700,NOISE,144000,PAM20209_Zahn_narluga_fisher.sqlite3
8/17/2019 0:00,8/17/2019 6:00,701,NOISE,144000,PAM20209_Zahn_narluga_fisher.sqlite3
8/17/2019 6:00,8/17/2019 12:00,702,NOISE,144000,PAM20209_Zahn_narluga_fisher.sqlite3
8/17/2019 12:00,8/17/2019 18:00,703,NOISE,144000,PAM20209_Zahn_narluga_fisher.sqlite3
8/17/2019 18:00,8/18/2019 0:00,704,NOISE,144000,PAM20209_Zahn_narluga_fisher.sqlite3
8/18/2019 0:00,8/18/2019 6:00,705,X085,144000,PAM20209_Zahn_narluga_fisher.sqlite3
8/18/2019 6:00,8/18/2019 12:00,706,NOISE,144000,PAM20209_Zahn_narluga_fisher.sqlite3
8/18/2019 12:00,8/18/2019 18:00,707,NOISE,144000,PAM20209_Zahn_narluga_fisher.sqlite3
8/18/2019 18:00,8/19/2019 0:00,708,X085,144000,PAM20209_Zahn_narluga_fisher.sqlite3
8/19/2019 0:00,8/19/2019 6:00,709,NOISE,144000,PAM20209_Zahn_narluga_fisher.sqlite3
8/19/2019 6:00,8/19/2019 12:00,710,NOISE,144000,PAM20209_Zahn_narluga_fisher.sqlite3
8/19/2019 12:00,8/19/2019 18:00,711,X085,144000,PAM20209_Zahn_narluga_fisher.sqlite3
8/19/2019 18:00,8/20/2019 0:00,712,NOISE,144000,PAM20209_Zahn_narluga_fisher.sqlite3
8/20/2019 0:00,8/20/2019 6:00,713,NOISE,144000,PAM20209_Zahn_narluga_fisher.sqlite3
8/20/2019 6:00,8/20/2019 12:00,714,NOISE,144000,PAM20209_Zahn_narluga_fisher.sqlite3
8/20/2019 12:00,8/20/2019 18:00,715,NOISE,144000,PAM20209_Zahn_narluga_fisher.sqlite3
8/20/2019 18:00,8/21/2019 0:00,716,NOISE,144000,PAM20209_Zahn_narluga_fisher.sqlite3
8/21/2019 0:00,8/21/2019 6:00,717,NOISE,144000,PAM20209_Zahn_narluga_fisher.sqlite3
8/21/2019 6:00,8/21/2019 12:00,718,NOISE,144000,PAM20209_Zahn_narluga_fisher.sqlite3
8/21/2019 12:00,8/21/2019 18:00,719,NOISE,144000,PAM20209_Zahn_narluga_fisher.sqlite3
8/21/2019 18:00,8/22/2019 0:00,720,NOISE,144000,PAM20209_Zahn_narluga_fisher.sqlite3
8/22/2019 0:00,8/22/2019 6:00,721,NOISE,144000,PAM20209_Zahn_narluga_fisher.sqlite3
8/22/2019 6:00,8/22/2019 12:00,722,X085,144000,PAM20209_Zahn_narluga_fisher.sqlite3
8/22/2019 12:00,8/22/2019 18:00,723,NOISE,144000,PAM20209_Zahn_narluga_fisher.sqlite3
8/22/2019 18:00,8/23/2019 0:00,724,NOISE,144000,PAM20209_Zahn_narluga_fisher.sqlite3
8/23/2019 0:00,8/23/2019 6:00,725,NOISE,144000,PAM20209_Zahn_narluga_fisher.sqlite3
8/23/2019 6:00,8/23/2019 12:00,726,NOISE,144000,PAM20209_Zahn_narluga_fisher.sqlite3
8/23/2019 12:00,8/23/2019 18:00,727,NOISE,144000,PAM20209_Zahn_narluga_fisher.sqlite3
8/23/2019 18:00,8/24/2019 0:00,728,NOISE,144000,PAM20209_Zahn_narluga_fisher.sqlite3
8/24/2019 0:00,8/24/2019 6:00,729,NOISE,144000,PAM20209_Zahn_narluga_fisher.sqlite3
8/24/2019 6:00,8/24/2019 12:00,730,NOISE,144000,PAM20209_Zahn_narluga_fisher.sqlite3
8/24/2019 12:00,8/24/2019 18:00,731,NOISE,144000,PAM20209_Zahn_narluga_fisher.sqlite3
8/24/2019 18:00,8/25/2019 0:00,732,NOISE,144000,PAM20209_Zahn_narluga_fisher.sqlite3
8/25/2019 0:00,8/25/2019 6:00,733,NOISE,144000,PAM20209_Zahn_narluga_fisher.sqlite3
8/25/2019 6:00,8/25/2019 12:00,734,X085,144000,PAM20209_Zahn_narluga_fisher.sqlite3
8/25/2019 12:00,8/25/2019 18:00,735,NOISE,144000,PAM20209_Zahn_narluga_fisher.sqlite3
8/25/2019 18:00,8/26/2019 0:00,736,NOISE,144000,PAM20209_Zahn_narluga_fisher.sqlite3
8/26/2019 0:00,8/26/2019 6:00,737,NOISE,144000,PAM20209_Zahn_narluga_fisher.sqlite3
8/26/2019 6:00,8/26/2019 12:00,738,NOISE,144000,PAM20209_Zahn_narluga_fisher.sqlite3
8/26/2019 12:00,8/26/2019 18:00,739,NOISE,144000,PAM20209_Zahn_narluga_fisher.sqlite3
8/26/2019 18:00,8/27/2019 0:00,740,NOISE,144000,PAM20209_Zahn_narluga_fisher.sqlite3
8/27/2019 0:00,8/27/2019 6:00,741,NOISE,144000,PAM20209_Zahn_narluga_fisher.sqlite3
8/27/2019 6:00,8/27/2019 12:00,742,NOISE,144000,PAM20209_Zahn_narluga_fisher.sqlite3
8/27/2019 12:00,8/27/2019 18:00,743,NOISE,144000,PAM20209_Zahn_narluga_fisher.sqlite3
8/27/2019 18:00,8/28/2019 0:00,744,NOISE,144000,PAM20209_Zahn_narluga_fisher.sqlite3
8/28/2019 0:00,8/28/2019 6:00,745,NOISE,144000,PAM20209_Zahn_narluga_fisher.sqlite3
8/28/2019 6:00,8/28/2019 12:00,746,NOISE,144000,PAM20209_Zahn_narluga_fisher.sqlite3
8/28/2019 12:00,8/28/2019 18:00,747,NOISE,144000,PAM20209_Zahn_narluga_fisher.sqlite3
8/28/2019 18:00,8/29/2019 0:00,748,NOISE,144000,PAM20209_Zahn_narluga_fisher.sqlite3
8/29/2019 0:00,8/29/2019 6:00,749,NOISE,144000,PAM20209_Zahn_narluga_fisher.sqlite3
8/29/2019 6:00,8/29/2019 12:00,750,NOISE,144000,PAM20209_Zahn_narluga_fisher.sqlite3
8/29/2019 12:00,8/29/2019 18:00,751,NOISE,144000,PAM20209_Zahn_narluga_fisher.sqlite3
8/29/2019 18:00,8/30/2019 0:00,752,NOISE,144000,PAM20209_Zahn_narluga_fisher.sqlite3
8/30/2019 0:00,8/30/2019 6:00,753,NOISE,144000,PAM20209_Zahn_narluga_fisher.sqlite3
8/30/2019 6:00,8/30/2019 12:00,754,X085,144000,PAM20209_Zahn_narluga_fisher.sqlite3
8/30/2019 12:00,8/30/2019 18:00,755,NOISE,144000,PAM20209_Zahn_narluga_fisher.sqlite3
8/30/2019 18:00,8/31/2019 0:00,756,X085,144000,PAM20209_Zahn_narluga_fisher.sqlite3
8/31/2019 0:00,8/31/2019 6:00,757,NOISE,144000,PAM20209_Zahn_narluga_fisher.sqlite3
8/31/2019 6:00,8/31/2019 12:00,758,NOISE,144000,PAM20209_Zahn_narluga_fisher.sqlite3
8/31/2019 12:00,8/31/2019 18:00,759,NOISE,144000,PAM20209_Zahn_narluga_fisher.sqlite3
8/31/2019 18:00,9/1/2019 0:00,760,NOISE,144000,PAM20209_Zahn_narluga_fisher.sqlite3
9/1/2019 0:00,9/1/2019 6:00,761,NOISE,144000,PAM20209_Zahn_narluga_fisher.sqlite3
9/1/2019 6:00,9/1/2019 12:00,762,NOISE,144000,PAM20209_Zahn_narluga_fisher.sqlite3
9/1/2019 12:00,9/1/2019 18:00,763,NOISE,144000,PAM20209_Zahn_narluga_fisher.sqlite3
9/1/2019 18:00,9/2/2019 0:00,764,NOISE,144000,PAM20209_Zahn_narluga_fisher.sqlite3
9/2/2019 0:00,9/2/2019 6:00,765,NOISE,144000,PAM20209_Zahn_narluga_fisher.sqlite3
9/2/2019 6:00,9/2/2019 12:00,766,NOISE,144000,PAM20209_Zahn_narluga_fisher.sqlite3
9/2/2019 12:00,9/2/2019 18:00,767,NOISE,144000,PAM20209_Zahn_narluga_fisher.sqlite3
9/2/2019 18:00,9/3/2019 0:00,768,X085,144000,PAM20209_Zahn_narluga_fisher.sqlite3
9/3/2019 0:00,9/3/2019 6:00,769,NOISE,144000,PAM20209_Zahn_narluga_fisher.sqlite3
9/3/2019 6:00,9/3/2019 12:00,770,NOISE,144000,PAM20209_Zahn_narluga_fisher.sqlite3
9/3/2019 12:00,9/3/2019 18:00,771,NOISE,144000,PAM20209_Zahn_narluga_fisher.sqlite3
9/3/2019 18:00,9/4/2019 0:00,772,NOISE,144000,PAM20209_Zahn_narluga_fisher.sqlite3
9/4/2019 0:00,9/4/2019 6:00,773,NOISE,144000,PAM20209_Zahn_narluga_fisher.sqlite3
9/4/2019 6:00,9/4/2019 12:00,774,NOISE,144000,PAM20209_Zahn_narluga_fisher.sqlite3
9/4/2019 12:00,9/4/2019 18:00,775,X085,144000,PAM20209_Zahn_narluga_fisher.sqlite3
9/4/2019 18:00,9/5/2019 0:00,776,NOISE,144000,PAM20209_Zahn_narluga_fisher.sqlite3
9/5/2019 0:00,9/5/2019 6:00,777,NOISE,144000,PAM20209_Zahn_narluga_fisher.sqlite3
9/5/2019 6:00,9/5/2019 12:00,778,NOISE,144000,PAM20209_Zahn_narluga_fisher.sqlite3
9/5/2019 12:00,9/5/2019 18:00,779,NOISE,144000,PAM20209_Zahn_narluga_fisher.sqlite3
9/5/2019 18:00,9/6/2019 0:00,780,NOISE,144000,PAM20209_Zahn_narluga_fisher.sqlite3
9/6/2019 0:00,9/6/2019 6:00,781,NOISE,144000,PAM20209_Zahn_narluga_fisher.sqlite3
9/6/2019 6:00,9/6/2019 12:00,782,X085,144000,PAM20209_Zahn_narluga_fisher.sqlite3
9/6/2019 12:00,9/6/2019 18:00,783,NOISE,144000,PAM20209_Zahn_narluga_fisher.sqlite3
9/6/2019 18:00,9/7/2019 0:00,784,NOISE,144000,PAM20209_Zahn_narluga_fisher.sqlite3
9/7/2019 0:00,9/7/2019 6:00,785,X085,144000,PAM20209_Zahn_narluga_fisher.sqlite3
9/7/2019 6:00,9/7/2019 12:00,786,NOISE,144000,PAM20209_Zahn_narluga_fisher.sqlite3
9/7/2019 12:00,9/7/2019 18:00,787,NOISE,144000,PAM20209_Zahn_narluga_fisher.sqlite3
9/7/2019 18:00,9/8/2019 0:00,788,NOISE,144000,PAM20209_Zahn_narluga_fisher.sqlite3
9/8/2019 0:00,9/8/2019 6:00,789,NOISE,144000,PAM20209_Zahn_narluga_fisher.sqlite3
9/8/2019 6:00,9/8/2019 12:00,790,NOISE,144000,PAM20209_Zahn_narluga_fisher.sqlite3
9/8/2019 12:00,9/8/2019 18:00,791,NOISE,144000,PAM20209_Zahn_narluga_fisher.sqlite3
9/8/2019 18:00,9/9/2019 0:00,792,NOISE,144000,PAM20209_Zahn_narluga_fisher.sqlite3
9/9/2019 0:00,9/9/2019 6:00,793,NOISE,144000,PAM20209_Zahn_narluga_fisher.sqlite3
9/9/2019 6:00,9/9/2019 12:00,794,NOISE,144000,PAM20209_Zahn_narluga_fisher.sqlite3
9/9/2019 12:00,9/9/2019 18:00,795,NOISE,144000,PAM20209_Zahn_narluga_fisher.sqlite3
9/9/2019 18:00,9/10/2019 0:00,796,NOISE,144000,PAM20209_Zahn_narluga_fisher.sqlite3
9/10/2019 0:00,9/10/2019 6:00,797,NOISE,144000,PAM20209_Zahn_narluga_fisher.sqlite3
9/10/2019 6:00,9/10/2019 12:00,798,NOISE,144000,PAM20209_Zahn_narluga_fisher.sqlite3
9/10/2019 12:00,9/10/2019 18:00,799,NOISE,144000,PAM20209_Zahn_narluga_fisher.sqlite3
9/10/2019 18:00,9/11/2019 0:00,800,X085,144000,PAM20209_Zahn_narluga_fisher.sqlite3
9/11/2019 0:00,9/11/2019 6:00,801,NOISE,144000,PAM20209_Zahn_narluga_fisher.sqlite3
9/11/2019 6:00,9/11/2019 12:00,802,NOISE,144000,PAM20209_Zahn_narluga_fisher.sqlite3
9/11/2019 12:00,9/11/2019 18:00,803,NOISE,144000,PAM20209_Zahn_narluga_fisher.sqlite3
9/11/2019 18:00,9/12/2019 0:00,804,NOISE,144000,PAM20209_Zahn_narluga_fisher.sqlite3
9/12/2019 0:00,9/12/2019 6:00,805,NOISE,144000,PAM20209_Zahn_narluga_fisher.sqlite3
9/12/2019 6:00,9/12/2019 12:00,806,NOISE,144000,PAM20209_Zahn_narluga_fisher.sqlite3
9/12/2019 12:00,9/12/2019 18:00,807,NOISE,144000,PAM20209_Zahn_narluga_fisher.sqlite3
9/12/2019 18:00,9/13/2019 0:00,808,NOISE,144000,PAM20209_Zahn_narluga_fisher.sqlite3
9/13/2019 0:00,9/13/2019 6:00,809,NOISE,144000,PAM20209_Zahn_narluga_fisher.sqlite3
9/13/2019 6:00,9/13/2019 12:00,810,NOISE,144000,PAM20209_Zahn_narluga_fisher.sqlite3
9/13/2019 12:00,9/13/2019 18:00,811,NOISE,144000,PAM20209_Zahn_narluga_fisher.sqlite3
9/13/2019 18:00,9/14/2019 0:00,812,NOISE,144000,PAM20209_Zahn_narluga_fisher.sqlite3
9/14/2019 0:00,9/14/2019 6:00,813,NOISE,144000,PAM20209_Zahn_narluga_fisher.sqlite3
9/14/2019 6:00,9/14/2019 12:00,814,NOISE,144000,PAM20209_Zahn_narluga_fisher.sqlite3
9/14/2019 12:00,9/14/2019 18:00,815,NOISE,144000,PAM20209_Zahn_narluga_fisher.sqlite3
9/14/2019 18:00,9/15/2019 0:00,816,NOISE,144000,PAM20209_Zahn_narluga_fisher.sqlite3
9/15/2019 0:00,9/15/2019 6:00,817,X085,144000,PAM20209_Zahn_narluga_fisher.sqlite3
9/15/2019 6:00,9/15/2019 12:00,818,NOISE,144000,PAM20209_Zahn_narluga_fisher.sqlite3
9/15/2019 12:00,9/15/2019 18:00,819,NOISE,144000,PAM20209_Zahn_narluga_fisher.sqlite3
9/15/2019 18:00,9/16/2019 0:00,820,X085,144000,PAM20209_Zahn_narluga_fisher.sqlite3
9/16/2019 0:00,9/16/2019 6:00,821,NOISE,144000,PAM20209_Zahn_narluga_fisher.sqlite3
9/16/2019 6:00,9/16/2019 12:00,822,NOISE,144000,PAM20209_Zahn_narluga_fisher.sqlite3
9/16/2019 12:00,9/16/2019 18:00,823,NOISE,144000,PAM20209_Zahn_narluga_fisher.sqlite3
9/16/2019 18:00,9/17/2019 0:00,824,X085,144000,PAM20209_Zahn_narluga_fisher.sqlite3
9/17/2019 0:00,9/17/2019 6:00,825,X085,144000,PAM20209_Zahn_narluga_fisher.sqlite3
9/17/2019 6:00,9/17/2019 12:00,826,NOISE,144000,PAM20209_Zahn_narluga_fisher.sqlite3
9/17/2019 12:00,9/17/2019 18:00,827,NOISE,144000,PAM20209_Zahn_narluga_fisher.sqlite3
9/17/2019 18:00,9/18/2019 0:00,828,NOISE,144000,PAM20209_Zahn_narluga_fisher.sqlite3
9/18/2019 0:00,9/18/2019 6:00,829,NOISE,144000,PAM20209_Zahn_narluga_fisher.sqlite3
9/18/2019 6:00,9/18/2019 12:00,830,NOISE,144000,PAM20209_Zahn_narluga_fisher.sqlite3
9/18/2019 12:00,9/18/2019 18:00,831,NOISE,144000,PAM20209_Zahn_narluga_fisher.sqlite3
9/18/2019 18:00,9/19/2019 0:00,832,NOISE,144000,PAM20209_Zahn_narluga_fisher.sqlite3
9/19/2019 0:00,9/19/2019 6:00,833,X085,144000,PAM20209_Zahn_narluga_fisher.sqlite3
9/19/2019 6:00,9/19/2019 12:00,834,NOISE,144000,PAM20209_Zahn_narluga_fisher.sqlite3
9/19/2019 12:00,9/19/2019 18:00,835,NOISE,144000,PAM20209_Zahn_narluga_fisher.sqlite3
9/19/2019 18:00,9/20/2019 0:00,836,X085,144000,PAM20209_Zahn_narluga_fisher.sqlite3
9/20/2019 0:00,9/20/2019 6:00,837,NOISE,144000,PAM20209_Zahn_narluga_fisher.sqlite3
9/20/2019 6:00,9/20/2019 12:00,838,NOISE,144000,PAM20209_Zahn_narluga_fisher.sqlite3
9/20/2019 12:00,9/20/2019 18:00,839,NOISE,144000,PAM20209_Zahn_narluga_fisher.sqlite3
9/20/2019 18:00,9/21/2019 0:00,840,NOISE,144000,PAM20209_Zahn_narluga_fisher.sqlite3
9/21/2019 0:00,9/21/2019 6:00,841,NOISE,144000,PAM20209_Zahn_narluga_fisher.sqlite3
9/21/2019 6:00,9/21/2019 12:00,842,X085,144000,PAM20209_Zahn_narluga_fisher.sqlite3
9/21/2019 12:00,9/21/2019 18:00,843,NOISE,144000,PAM20209_Zahn_narluga_fisher.sqlite3
9/21/2019 18:00,9/22/2019 0:00,844,NOISE,144000,PAM20209_Zahn_narluga_fisher.sqlite3
9/22/2019 0:00,9/22/2019 6:00,845,NOISE,144000,PAM20209_Zahn_narluga_fisher.sqlite3
9/22/2019 6:00,9/22/2019 12:00,846,NOISE,144000,PAM20209_Zahn_narluga_fisher.sqlite3
9/22/2019 12:00,9/22/2019 18:00,847,NOISE,144000,PAM20209_Zahn_narluga_fisher.sqlite3
9/22/2019 18:00,9/23/2019 0:00,848,NOISE,144000,PAM20209_Zahn_narluga_fisher.sqlite3
9/23/2019 0:00,9/23/2019 6:00,849,NOISE,144000,PAM20209_Zahn_narluga_fisher.sqlite3
9/23/2019 6:00,9/23/2019 12:00,850,NOISE,144000,PAM20209_Zahn_narluga_fisher.sqlite3
9/23/2019 12:00,9/23/2019 18:00,851,NOISE,144000,PAM20209_Zahn_narluga_fisher.sqlite3
9/23/2019 18:00,9/24/2019 0:00,852,NOISE,144000,PAM20209_Zahn_narluga_fisher.sqlite3
9/24/2019 0:00,9/24/2019 6:00,853,NOISE,144000,PAM20209_Zahn_narluga_fisher.sqlite3
9/24/2019 6:00,9/24/2019 12:00,854,NOISE,144000,PAM20209_Zahn_narluga_fisher.sqlite3
9/24/2019 12:00,9/24/2019 18:00,855,NOISE,144000,PAM20209_Zahn_narluga_fisher.sqlite3
9/24/2019 18:00,9/25/2019 0:00,856,NOISE,144000,PAM20209_Zahn_narluga_fisher.sqlite3
9/25/2019 0:00,9/25/2019 6:00,857,NOISE,144000,PAM20209_Zahn_narluga_fisher.sqlite3
9/25/2019 6:00,9/25/2019 12:00,858,NOISE,144000,PAM20209_Zahn_narluga_fisher.sqlite3
9/25/2019 12:00,9/25/2019 18:00,859,NOISE,144000,PAM20209_Zahn_narluga_fisher.sqlite3
9/25/2019 18:00,9/26/2019 0:00,860,NOISE,144000,PAM20209_Zahn_narluga_fisher.sqlite3
9/26/2019 0:00,9/26/2019 6:00,861,NOISE,144000,PAM20209_Zahn_narluga_fisher.sqlite3
9/26/2019 6:00,9/26/2019 12:00,862,X085,144000,PAM20209_Zahn_narluga_fisher.sqlite3
9/26/2019 12:00,9/26/2019 18:00,863,NOISE,144000,PAM20209_Zahn_narluga_fisher.sqlite3
9/26/2019 18:00,9/27/2019 0:00,864,X085,144000,PAM20209_Zahn_narluga_fisher.sqlite3
9/27/2019 0:00,9/27/2019 6:00,865,NOISE,144000,PAM20209_Zahn_narluga_fisher.sqlite3
9/27/2019 6:00,9/27/2019 12:00,866,NOISE,144000,PAM20209_Zahn_narluga_fisher.sqlite3
9/27/2019 12:00,9/27/2019 18:00,867,NOISE,144000,PAM20209_Zahn_narluga_fisher.sqlite3
9/27/2019 18:00,9/28/2019 0:00,868,NOISE,144000,PAM20209_Zahn_narluga_fisher.sqlite3
9/28/2019 0:00,9/28/2019 6:00,869,NOISE,144000,PAM20209_Zahn_narluga_fisher.sqlite3
9/28/2019 6:00,9/28/2019 12:00,870,X085,144000,PAM20209_Zahn_narluga_fisher.sqlite3
9/28/2019 12:00,9/28/2019 18:00,871,NOISE,144000,PAM20209_Zahn_narluga_fisher.sqlite3
9/28/2019 18:00,9/29/2019 0:00,872,NOISE,144000,PAM20209_Zahn_narluga_fisher.sqlite3
9/29/2019 0:00,9/29/2019 6:00,873,NOISE,144000,PAM20209_Zahn_narluga_fisher.sqlite3
9/29/2019 6:00,9/29/2019 12:00,874,NOISE,144000,PAM20209_Zahn_narluga_fisher.sqlite3
9/29/2019 12:00,9/29/2019 18:00,875,NOISE,144000,PAM20209_Zahn_narluga_fisher.sqlite3
9/29/2019 18:00,9/30/2019 0:00,876,NOISE,144000,PAM20209_Zahn_narluga_fisher.sqlite3
9/30/2019 0:00,9/30/2019 6:00,877,NOISE,144000,PAM20209_Zahn_narluga_fisher.sqlite3
9/30/2019 6:00,9/30/2019 12:00,878,NOISE,144000,PAM20209_Zahn_narluga_fisher.sqlite3
9/30/2019 12:00,9/30/2019 18:00,879,NOISE,144000,PAM20209_Zahn_narluga_fisher.sqlite3
9/30/2019 18:00,10/1/2019 0:00,880,NOISE,144000,PAM20209_Zahn_narluga_fisher.sqlite3
10/1/2019 0:00,10/1/2019 6:00,881,NOISE,144000,PAM20209_Zahn_narluga_fisher.sqlite3
10/1/2019 6:00,10/1/2019 12:00,882,NOISE,144000,PAM20209_Zahn_narluga_fisher.sqlite3
10/1/2019 12:00,10/1/2019 18:00,883,NOISE,144000,PAM20209_Zahn_narluga_fisher.sqlite3
10/1/2019 18:00,10/2/2019 0:00,884,NOISE,144000,PAM20209_Zahn_narluga_fisher.sqlite3
10/2/2019 0:00,10/2/2019 6:00,885,NOISE,144000,PAM20209_Zahn_narluga_fisher.sqlite3
10/2/2019 6:00,10/2/2019 12:00,886,X085,144000,PAM20209_Zahn_narluga_fisher.sqlite3
10/2/2019 12:00,10/2/2019 18:00,887,NOISE,144000,PAM20209_Zahn_narluga_fisher.sqlite3
10/2/2019 18:00,10/3/2019 0:00,888,NOISE,144000,PAM20209_Zahn_narluga_fisher.sqlite3
10/3/2019 0:00,10/3/2019 6:00,889,X085,144000,PAM20209_Zahn_narluga_fisher.sqlite3
10/3/2019 6:00,10/3/2019 12:00,890,NOISE,144000,PAM20209_Zahn_narluga_fisher.sqlite3
10/3/2019 12:00,10/3/2019 18:00,891,NOISE,144000,PAM20209_Zahn_narluga_fisher.sqlite3
10/3/2019 18:00,10/4/2019 0:00,892,NOISE,144000,PAM20209_Zahn_narluga_fisher.sqlite3
10/4/2019 0:00,10/4/2019 6:00,893,NOISE,144000,PAM20209_Zahn_narluga_fisher.sqlite3
10/4/2019 6:00,10/4/2019 12:00,894,NOISE,144000,PAM20209_Zahn_narluga_fisher.sqlite3
10/4/2019 12:00,10/4/2019 18:00,895,NOISE,144000,PAM20209_Zahn_narluga_fisher.sqlite3
10/4/2019 18:00,10/5/2019 0:00,896,NOISE,144000,PAM20209_Zahn_narluga_fisher.sqlite3
10/5/2019 0:00,10/5/2019 6:00,897,NOISE,144000,PAM20209_Zahn_narluga_fisher.sqlite3
10/5/2019 6:00,10/5/2019 12:00,898,NOISE,144000,PAM20209_Zahn_narluga_fisher.sqlite3
10/5/2019 12:00,10/5/2019 18:00,899,NOISE,144000,PAM20209_Zahn_narluga_fisher.sqlite3
10/5/2019 18:00,10/6/2019 0:00,900,NOISE,144000,PAM20209_Zahn_narluga_fisher.sqlite3
10/6/2019 0:00,10/6/2019 6:00,901,NOISE,144000,PAM20209_Zahn_narluga_fisher.sqlite3
10/6/2019 6:00,10/6/2019 12:00,902,NOISE,144000,PAM20209_Zahn_narluga_fisher.sqlite3
10/6/2019 12:00,10/6/2019 18:00,903,NOISE,144000,PAM20209_Zahn_narluga_fisher.sqlite3
10/6/2019 18:00,10/7/2019 0:00,904,NOISE,144000,PAM20209_Zahn_narluga_fisher.sqlite3
10/7/2019 0:00,10/7/2019 6:00,905,X045,144000,PAM20209_Zahn_narluga_fisher.sqlite3
10/7/2019 6:00,10/7/2019 12:00,906,NOISE,144000,PAM20209_Zahn_narluga_fisher.sqlite3
10/7/2019 12:00,10/7/2019 18:00,907,X085,144000,PAM20209_Zahn_narluga_fisher.sqlite3
10/7/2019 18:00,10/8/2019 0:00,908,X085,144000,PAM20209_Zahn_narluga_fisher.sqlite3
10/8/2019 0:00,10/8/2019 6:00,909,NOISE,144000,PAM20209_Zahn_narluga_fisher.sqlite3
10/8/2019 6:00,10/8/2019 12:00,910,NOISE,144000,PAM20209_Zahn_narluga_fisher.sqlite3
10/8/2019 12:00,10/8/2019 18:00,911,NOISE,144000,PAM20209_Zahn_narluga_fisher.sqlite3
10/8/2019 18:00,10/9/2019 0:00,912,NOISE,144000,PAM20209_Zahn_narluga_fisher.sqlite3
10/9/2019 0:00,10/9/2019 6:00,913,NOISE,144000,PAM20209_Zahn_narluga_fisher.sqlite3
10/9/2019 6:00,10/9/2019 12:00,914,NOISE,144000,PAM20209_Zahn_narluga_fisher.sqlite3
10/9/2019 12:00,10/9/2019 18:00,915,NOISE,144000,PAM20209_Zahn_narluga_fisher.sqlite3
10/9/2019 18:00,10/10/2019 0:00,916,NOISE,144000,PAM20209_Zahn_narluga_fisher.sqlite3
10/10/2019 0:00,10/10/2019 6:00,917,NOISE,144000,PAM20209_Zahn_narluga_fisher.sqlite3
10/10/2019 6:00,10/10/2019 12:00,918,X085,144000,PAM20209_Zahn_narluga_fisher.sqlite3
10/10/2019 12:00,10/10/2019 18:00,919,NOISE,144000,PAM20209_Zahn_narluga_fisher.sqlite3
10/10/2019 18:00,10/11/2019 0:00,920,NOISE,144000,PAM20209_Zahn_narluga_fisher.sqlite3
10/11/2019 0:00,10/11/2019 6:00,921,NOISE,144000,PAM20209_Zahn_narluga_fisher.sqlite3
10/11/2019 6:00,10/11/2019 12:00,922,NOISE,144000,PAM20209_Zahn_narluga_fisher.sqlite3
10/11/2019 12:00,10/11/2019 18:00,923,X085,144000,PAM20209_Zahn_narluga_fisher.sqlite3
10/11/2019 18:00,10/12/2019 0:00,924,NOISE,144000,PAM20209_Zahn_narluga_fisher.sqlite3
10/12/2019 0:00,10/12/2019 6:00,925,NOISE,144000,PAM20209_Zahn_narluga_fisher.sqlite3
10/12/2019 6:00,10/12/2019 12:00,926,NOISE,144000,PAM20209_Zahn_narluga_fisher.sqlite3
10/12/2019 12:00,10/12/2019 18:00,927,NOISE,144000,PAM20209_Zahn_narluga_fisher.sqlite3
10/12/2019 18:00,10/13/2019 0:00,928,NOISE,144000,PAM20209_Zahn_narluga_fisher.sqlite3
10/13/2019 0:00,10/13/2019 6:00,929,NOISE,144000,PAM20209_Zahn_narluga_fisher.sqlite3
10/13/2019 6:00,10/13/2019 12:00,930,X045,144000,PAM20209_Zahn_narluga_fisher.sqlite3
10/13/2019 12:00,10/13/2019 18:00,931,NOISE,144000,PAM20209_Zahn_narluga_fisher.sqlite3
10/13/2019 18:00,10/14/2019 0:00,932,NOISE,144000,PAM20209_Zahn_narluga_fisher.sqlite3
10/14/2019 0:00,10/14/2019 6:00,933,NOISE,144000,PAM20209_Zahn_narluga_fisher.sqlite3
10/14/2019 6:00,10/14/2019 12:00,934,NOISE,144000,PAM20209_Zahn_narluga_fisher.sqlite3
10/14/2019 12:00,10/14/2019 18:00,935,NOISE,144000,PAM20209_Zahn_narluga_fisher.sqlite3
10/14/2019 18:00,10/15/2019 0:00,936,NOISE,144000,PAM20209_Zahn_narluga_fisher.sqlite3
10/15/2019 0:00,10/15/2019 6:00,937,NOISE,144000,PAM20209_Zahn_narluga_fisher.sqlite3
10/15/2019 6:00,10/15/2019 12:00,938,NOISE,144000,PAM20209_Zahn_narluga_fisher.sqlite3
10/15/2019 12:00,10/15/2019 18:00,939,NOISE,144000,PAM20209_Zahn_narluga_fisher.sqlite3
10/15/2019 18:00,10/16/2019 0:00,940,NOISE,144000,PAM20209_Zahn_narluga_fisher.sqlite3
10/16/2019 0:00,10/16/2019 6:00,941,NOISE,144000,PAM20209_Zahn_narluga_fisher.sqlite3
10/16/2019 6:00,10/16/2019 12:00,942,X045,144000,PAM20209_Zahn_narluga_fisher.sqlite3
10/16/2019 12:00,10/16/2019 18:00,943,NOISE,144000,PAM20209_Zahn_narluga_fisher.sqlite3
10/16/2019 18:00,10/17/2019 0:00,944,NOISE,144000,PAM20209_Zahn_narluga_fisher.sqlite3
10/17/2019 0:00,10/17/2019 6:00,945,NOISE,144000,PAM20209_Zahn_narluga_fisher.sqlite3
10/17/2019 6:00,10/17/2019 12:00,946,NOISE,144000,PAM20209_Zahn_narluga_fisher.sqlite3
10/17/2019 12:00,10/17/2019 18:00,947,NOISE,144000,PAM20209_Zahn_narluga_fisher.sqlite3
10/17/2019 18:00,10/18/2019 0:00,948,NOISE,144000,PAM20209_Zahn_narluga_fisher.sqlite3
10/18/2019 0:00,10/18/2019 6:00,949,X045,144000,PAM20209_Zahn_narluga_fisher.sqlite3
10/18/2019 6:00,10/18/2019 12:00,950,NOISE,144000,PAM20209_Zahn_narluga_fisher.sqlite3
10/18/2019 12:00,10/18/2019 18:00,951,NOISE,144000,PAM20209_Zahn_narluga_fisher.sqlite3
10/18/2019 18:00,10/19/2019 0:00,952,NOISE,144000,PAM20209_Zahn_narluga_fisher.sqlite3
10/19/2019 0:00,10/19/2019 6:00,953,NOISE,144000,PAM20209_Zahn_narluga_fisher.sqlite3
10/19/2019 6:00,10/19/2019 12:00,954,NOISE,144000,PAM20209_Zahn_narluga_fisher.sqlite3
10/19/2019 12:00,10/19/2019 18:00,955,X045,144000,PAM20209_Zahn_narluga_fisher.sqlite3
10/19/2019 18:00,10/20/2019 0:00,956,NOISE,144000,PAM20209_Zahn_narluga_fisher.sqlite3
10/20/2019 0:00,10/20/2019 6:00,957,NOISE,144000,PAM20209_Zahn_narluga_fisher.sqlite3
10/20/2019 6:00,10/20/2019 12:00,958,NOISE,144000,PAM20209_Zahn_narluga_fisher.sqlite3
10/20/2019 12:00,10/20/2019 18:00,959,NOISE,144000,PAM20209_Zahn_narluga_fisher.sqlite3
10/20/2019 18:00,10/21/2019 0:00,960,NOISE,144000,PAM20209_Zahn_narluga_fisher.sqlite3
10/21/2019 0:00,10/21/2019 6:00,961,X045,144000,PAM20209_Zahn_narluga_fisher.sqlite3
10/21/2019 6:00,10/21/2019 12:00,962,NOISE,144000,PAM20209_Zahn_narluga_fisher.sqlite3
10/21/2019 12:00,10/21/2019 18:00,963,NOISE,144000,PAM20209_Zahn_narluga_fisher.sqlite3
10/21/2019 18:00,10/22/2019 0:00,964,NOISE,144000,PAM20209_Zahn_narluga_fisher.sqlite3
10/22/2019 0:00,10/22/2019 6:00,965,NOISE,144000,PAM20209_Zahn_narluga_fisher.sqlite3
10/22/2019 6:00,10/22/2019 12:00,966,NOISE,144000,PAM20209_Zahn_narluga_fisher.sqlite3
10/22/2019 12:00,10/22/2019 18:00,967,NOISE,144000,PAM20209_Zahn_narluga_fisher.sqlite3
10/22/2019 18:00,10/23/2019 0:00,968,NOISE,144000,PAM20209_Zahn_narluga_fisher.sqlite3
10/23/2019 0:00,10/23/2019 6:00,969,NOISE,144000,PAM20209_Zahn_narluga_fisher.sqlite3
10/23/2019 6:00,10/23/2019 12:00,970,NOISE,144000,PAM20209_Zahn_narluga_fisher.sqlite3
10/23/2019 12:00,10/23/2019 18:00,971,NOISE,144000,PAM20209_Zahn_narluga_fisher.sqlite3
10/23/2019 18:00,10/24/2019 0:00,972,NOISE,144000,PAM20209_Zahn_narluga_fisher.sqlite3
10/24/2019 0:00,10/24/2019 6:00,973,NOISE,144000,PAM20209_Zahn_narluga_fisher.sqlite3
10/24/2019 6:00,10/24/2019 12:00,974,NOISE,144000,PAM20209_Zahn_narluga_fisher.sqlite3
10/24/2019 12:00,10/24/2019 18:00,975,NOISE,144000,PAM20209_Zahn_narluga_fisher.sqlite3
10/24/2019 18:00,10/25/2019 0:00,976,NOISE,144000,PAM20209_Zahn_narluga_fisher.sqlite3
10/25/2019 0:00,10/25/2019 6:00,977,NOISE,144000,PAM20209_Zahn_narluga_fisher.sqlite3
10/25/2019 6:00,10/25/2019 12:00,978,NOISE,144000,PAM20209_Zahn_narluga_fisher.sqlite3
10/25/2019 12:00,10/25/2019 18:00,979,NOISE,144000,PAM20209_Zahn_narluga_fisher.sqlite3
10/25/2019 18:00,10/26/2019 0:00,980,NOISE,144000,PAM20209_Zahn_narluga_fisher.sqlite3
10/26/2019 0:00,10/26/2019 6:00,981,NOISE,144000,PAM20209_Zahn_narluga_fisher.sqlite3
10/26/2019 6:00,10/26/2019 12:00,982,NOISE,144000,PAM20209_Zahn_narluga_fisher.sqlite3
10/26/2019 12:00,10/26/2019 18:00,983,NOISE,144000,PAM20209_Zahn_narluga_fisher.sqlite3
10/26/2019 18:00,10/27/2019 0:00,984,NOISE,144000,PAM20209_Zahn_narluga_fisher.sqlite3
10/27/2019 0:00,10/27/2019 6:00,985,NOISE,144000,PAM20209_Zahn_narluga_fisher.sqlite3
10/27/2019 6:00,10/27/2019 12:00,986,NOISE,144000,PAM20209_Zahn_narluga_fisher.sqlite3
10/27/2019 12:00,10/27/2019 18:00,987,NOISE,144000,PAM20209_Zahn_narluga_fisher.sqlite3
10/27/2019 18:00,10/28/2019 0:00,988,NOISE,144000,PAM20209_Zahn_narluga_fisher.sqlite3
10/28/2019 0:00,10/28/2019 6:00,989,NOISE,144000,PAM20209_Zahn_narluga_fisher.sqlite3
10/28/2019 6:00,10/28/2019 12:00,990,NOISE,144000,PAM20209_Zahn_narluga_fisher.sqlite3
10/28/2019 12:00,10/28/2019 18:00,991,NOISE,144000,PAM20209_Zahn_narluga_fisher.sqlite3
10/28/2019 18:00,10/29/2019 0:00,992,NOISE,144000,PAM20209_Zahn_narluga_fisher.sqlite3
10/29/2019 0:00,10/29/2019 6:00,993,NOISE,144000,PAM20209_Zahn_narluga_fisher.sqlite3
10/29/2019 6:00,10/29/2019 12:00,994,NOISE,144000,PAM20209_Zahn_narluga_fisher.sqlite3
10/29/2019 12:00,10/29/2019 18:00,995,NOISE,144000,PAM20209_Zahn_narluga_fisher.sqlite3
10/29/2019 18:00,10/30/2019 0:00,996,NOISE,144000,PAM20209_Zahn_narluga_fisher.sqlite3
10/30/2019 0:00,10/30/2019 6:00,997,NOISE,144000,PAM20209_Zahn_narluga_fisher.sqlite3
10/30/2019 6:00,10/30/2019 12:00,998,NOISE,144000,PAM20209_Zahn_narluga_fisher.sqlite3
10/30/2019 12:00,10/30/2019 18:00,999,NOISE,144000,PAM20209_Zahn_narluga_fisher.sqlite3
10/30/2019 18:00,10/31/2019 0:00,1000,NOISE,144000,PAM20209_Zahn_narluga_fisher.sqlite3
10/31/2019 0:00,10/31/2019 6:00,1001,NOISE,144000,PAM20209_Zahn_narluga_fisher.sqlite3
10/31/2019 6:00,10/31/2019 12:00,1002,NOISE,144000,PAM20209_Zahn_narluga_fisher.sqlite3
10/31/2019 12:00,10/31/2019 18:00,1003,NOISE,144000,PAM20209_Zahn_narluga_fisher.sqlite3
10/31/2019 18:00,11/1/2019 0:00,1004,NOISE,144000,PAM20209_Zahn_narluga_fisher.sqlite3
11/1/2019 0:00,11/1/2019 6:00,1005,NOISE,144000,PAM20209_Zahn_narluga_fisher.sqlite3
11/1/2019 6:00,11/1/2019 12:00,1006,NOISE,144000,PAM20209_Zahn_narluga_fisher.sqlite3
11/1/2019 12:00,11/1/2019 18:00,1007,NOISE,144000,PAM20209_Zahn_narluga_fisher.sqlite3
11/1/2019 18:00,11/2/2019 0:00,1008,NOISE,144000,PAM20209_Zahn_narluga_fisher.sqlite3
11/2/2019 0:00,11/2/2019 6:00,1009,NOISE,144000,PAM20209_Zahn_narluga_fisher.sqlite3
11/2/2019 6:00,11/2/2019 12:00,1010,NOISE,144000,PAM20209_Zahn_narluga_fisher.sqlite3
11/2/2019 12:00,11/2/2019 18:00,1011,NOISE,144000,PAM20209_Zahn_narluga_fisher.sqlite3
11/2/2019 18:00,11/3/2019 0:00,1012,NOISE,144000,PAM20209_Zahn_narluga_fisher.sqlite3
11/3/2019 0:00,11/3/2019 6:00,1013,NOISE,144000,PAM20209_Zahn_narluga_fisher.sqlite3
11/3/2019 6:00,11/3/2019 12:00,1014,NOISE,144000,PAM20209_Zahn_narluga_fisher.sqlite3
11/3/2019 12:00,11/3/2019 18:00,1015,NOISE,144000,PAM20209_Zahn_narluga_fisher.sqlite3
11/3/2019 18:00,11/4/2019 0:00,1016,NOISE,144000,PAM20209_Zahn_narluga_fisher.sqlite3
11/4/2019 0:00,11/4/2019 6:00,1017,NOISE,144000,PAM20209_Zahn_narluga_fisher.sqlite3
11/4/2019 6:00,11/4/2019 12:00,1018,NOISE,144000,PAM20209_Zahn_narluga_fisher.sqlite3
11/4/2019 12:00,11/4/2019 18:00,1019,NOISE,144000,PAM20209_Zahn_narluga_fisher.sqlite3
11/4/2019 18:00,11/5/2019 0:00,1020,NOISE,144000,PAM20209_Zahn_narluga_fisher.sqlite3
11/5/2019 0:00,11/5/2019 6:00,1021,NOISE,144000,PAM20209_Zahn_narluga_fisher.sqlite3
11/5/2019 6:00,11/5/2019 12:00,1022,NOISE,144000,PAM20209_Zahn_narluga_fisher.sqlite3
11/5/2019 12:00,11/5/2019 18:00,1023,NOISE,144000,PAM20209_Zahn_narluga_fisher.sqlite3
11/5/2019 18:00,11/6/2019 0:00,1024,NOISE,144000,PAM20209_Zahn_narluga_fisher.sqlite3
11/6/2019 0:00,11/6/2019 6:00,1025,NOISE,144000,PAM20209_Zahn_narluga_fisher.sqlite3
11/6/2019 6:00,11/6/2019 12:00,1026,NOISE,144000,PAM20209_Zahn_narluga_fisher.sqlite3
11/6/2019 12:00,11/6/2019 18:00,1027,NOISE,144000,PAM20209_Zahn_narluga_fisher.sqlite3
11/6/2019 18:00,11/7/2019 0:00,1028,NOISE,144000,PAM20209_Zahn_narluga_fisher.sqlite3
11/7/2019 0:00,11/7/2019 6:00,1029,NOISE,144000,PAM20209_Zahn_narluga_fisher.sqlite3
11/7/2019 6:00,11/7/2019 12:00,1030,NOISE,144000,PAM20209_Zahn_narluga_fisher.sqlite3
11/7/2019 12:00,11/7/2019 18:00,1031,NOISE,144000,PAM20209_Zahn_narluga_fisher.sqlite3
11/7/2019 18:00,11/8/2019 0:00,1032,NOISE,144000,PAM20209_Zahn_narluga_fisher.sqlite3
11/8/2019 0:00,11/8/2019 6:00,1033,NOISE,144000,PAM20209_Zahn_narluga_fisher.sqlite3
11/8/2019 6:00,11/8/2019 12:00,1034,NOISE,144000,PAM20209_Zahn_narluga_fisher.sqlite3
11/8/2019 12:00,11/8/2019 18:00,1035,NOISE,144000,PAM20209_Zahn_narluga_fisher.sqlite3
11/8/2019 18:00,11/9/2019 0:00,1036,NOISE,144000,PAM20209_Zahn_narluga_fisher.sqlite3
11/9/2019 0:00,11/9/2019 6:00,1037,NOISE,144000,PAM20209_Zahn_narluga_fisher.sqlite3
11/9/2019 6:00,11/9/2019 12:00,1038,NOISE,144000,PAM20209_Zahn_narluga_fisher.sqlite3
11/9/2019 12:00,11/9/2019 18:00,1039,NOISE,144000,PAM20209_Zahn_narluga_fisher.sqlite3
11/9/2019 18:00,11/10/2019 0:00,1040,NOISE,144000,PAM20209_Zahn_narluga_fisher.sqlite3
11/10/2019 0:00,11/10/2019 6:00,1041,NOISE,144000,PAM20209_Zahn_narluga_fisher.sqlite3
11/10/2019 6:00,11/10/2019 12:00,1042,NOISE,144000,PAM20209_Zahn_narluga_fisher.sqlite3
11/10/2019 12:00,11/10/2019 18:00,1043,NOISE,144000,PAM20209_Zahn_narluga_fisher.sqlite3
11/10/2019 18:00,11/11/2019 0:00,1044,NOISE,144000,PAM20209_Zahn_narluga_fisher.sqlite3
11/11/2019 0:00,11/11/2019 6:00,1045,NOISE,144000,PAM20209_Zahn_narluga_fisher.sqlite3
11/11/2019 6:00,11/11/2019 12:00,1046,NOISE,144000,PAM20209_Zahn_narluga_fisher.sqlite3
11/11/2019 12:00,11/11/2019 18:00,1047,X085,144000,PAM20209_Zahn_narluga_fisher.sqlite3
11/11/2019 18:00,11/12/2019 0:00,1048,NOISE,144000,PAM20209_Zahn_narluga_fisher.sqlite3
11/12/2019 0:00,11/12/2019 6:00,1049,NOISE,144000,PAM20209_Zahn_narluga_fisher.sqlite3
11/12/2019 6:00,11/12/2019 12:00,1050,NOISE,144000,PAM20209_Zahn_narluga_fisher.sqlite3
11/12/2019 12:00,11/12/2019 18:00,1051,NOISE,144000,PAM20209_Zahn_narluga_fisher.sqlite3
11/12/2019 18:00,11/13/2019 0:00,1052,NOISE,144000,PAM20209_Zahn_narluga_fisher.sqlite3
11/13/2019 0:00,11/13/2019 6:00,1053,NOISE,144000,PAM20209_Zahn_narluga_fisher.sqlite3
11/13/2019 6:00,11/13/2019 12:00,1054,NOISE,144000,PAM20209_Zahn_narluga_fisher.sqlite3
11/13/2019 12:00,11/13/2019 18:00,1055,NOISE,144000,PAM20209_Zahn_narluga_fisher.sqlite3
11/13/2019 18:00,11/14/2019 0:00,1056,NOISE,144000,PAM20209_Zahn_narluga_fisher.sqlite3
11/14/2019 0:00,11/14/2019 6:00,1057,NOISE,144000,PAM20209_Zahn_narluga_fisher.sqlite3
11/14/2019 6:00,11/14/2019 12:00,1058,NOISE,144000,PAM20209_Zahn_narluga_fisher.sqlite3
11/14/2019 12:00,11/14/2019 18:00,1059,NOISE,144000,PAM20209_Zahn_narluga_fisher.sqlite3
11/14/2019 18:00,11/15/2019 0:00,1060,NOISE,144000,PAM20209_Zahn_narluga_fisher.sqlite3
11/15/2019 0:00,11/15/2019 6:00,1061,NOISE,144000,PAM20209_Zahn_narluga_fisher.sqlite3
11/15/2019 6:00,11/15/2019 12:00,1062,NOISE,144000,PAM20209_Zahn_narluga_fisher.sqlite3
11/15/2019 12:00,11/15/2019 18:00,1063,NOISE,144000,PAM20209_Zahn_narluga_fisher.sqlite3
11/15/2019 18:00,11/16/2019 0:00,1064,NOISE,144000,PAM20209_Zahn_narluga_fisher.sqlite3
11/16/2019 0:00,11/16/2019 6:00,1065,NOISE,144000,PAM20209_Zahn_narluga_fisher.sqlite3
11/16/2019 6:00,11/16/2019 12:00,1066,NOISE,144000,PAM20209_Zahn_narluga_fisher.sqlite3
11/16/2019 12:00,11/16/2019 18:00,1067,NOISE,144000,PAM20209_Zahn_narluga_fisher.sqlite3
11/16/2019 18:00,11/17/2019 0:00,1068,NOISE,144000,PAM20209_Zahn_narluga_fisher.sqlite3
11/17/2019 0:00,11/17/2019 6:00,1069,NOISE,144000,PAM20209_Zahn_narluga_fisher.sqlite3
11/17/2019 6:00,11/17/2019 12:00,1070,NOISE,144000,PAM20209_Zahn_narluga_fisher.sqlite3
11/17/2019 12:00,11/17/2019 18:00,1071,NOISE,144000,PAM20209_Zahn_narluga_fisher.sqlite3
11/17/2019 18:00,11/18/2019 0:00,1072,NOISE,144000,PAM20209_Zahn_narluga_fisher.sqlite3
11/18/2019 0:00,11/18/2019 6:00,1073,NOISE,144000,PAM20209_Zahn_narluga_fisher.sqlite3
11/18/2019 6:00,11/18/2019 12:00,1074,NOISE,144000,PAM20209_Zahn_narluga_fisher.sqlite3
11/18/2019 12:00,11/18/2019 18:00,1075,NOISE,144000,PAM20209_Zahn_narluga_fisher.sqlite3
11/18/2019 18:00,11/19/2019 0:00,1076,NOISE,144000,PAM20209_Zahn_narluga_fisher.sqlite3
11/19/2019 0:00,11/19/2019 6:00,1077,NOISE,144000,PAM20209_Zahn_narluga_fisher.sqlite3
11/19/2019 6:00,11/19/2019 12:00,1078,NOISE,144000,PAM20209_Zahn_narluga_fisher.sqlite3
11/19/2019 12:00,11/19/2019 18:00,1079,NOISE,144000,PAM20209_Zahn_narluga_fisher.sqlite3
11/19/2019 18:00,11/20/2019 0:00,1080,NOISE,144000,PAM20209_Zahn_narluga_fisher.sqlite3
11/20/2019 0:00,11/20/2019 6:00,1081,NOISE,144000,PAM20209_Zahn_narluga_fisher.sqlite3
11/20/2019 6:00,11/20/2019 12:00,1082,NOISE,144000,PAM20209_Zahn_narluga_fisher.sqlite3
11/20/2019 12:00,11/20/2019 18:00,1083,NOISE,144000,PAM20209_Zahn_narluga_fisher.sqlite3
11/20/2019 18:00,11/21/2019 0:00,1084,NOISE,144000,PAM20209_Zahn_narluga_fisher.sqlite3
11/21/2019 0:00,11/21/2019 6:00,1085,NOISE,144000,PAM20209_Zahn_narluga_fisher.sqlite3
11/21/2019 6:00,11/21/2019 12:00,1086,NOISE,144000,PAM20209_Zahn_narluga_fisher.sqlite3
11/21/2019 12:00,11/21/2019 18:00,1087,NOISE,144000,PAM20209_Zahn_narluga_fisher.sqlite3
11/21/2019 18:00,11/22/2019 0:00,1088,NOISE,144000,PAM20209_Zahn_narluga_fisher.sqlite3
11/22/2019 0:00,11/22/2019 6:00,1089,NOISE,144000,PAM20209_Zahn_narluga_fisher.sqlite3
11/22/2019 6:00,11/22/2019 12:00,1090,NOISE,144000,PAM20209_Zahn_narluga_fisher.sqlite3
11/22/2019 12:00,11/22/2019 18:00,1091,NOISE,144000,PAM20209_Zahn_narluga_fisher.sqlite3
11/22/2019 18:00,11/23/2019 0:00,1092,NOISE,144000,PAM20209_Zahn_narluga_fisher.sqlite3
11/23/2019 0:00,11/23/2019 6:00,1093,NOISE,144000,PAM20209_Zahn_narluga_fisher.sqlite3
11/23/2019 6:00,11/23/2019 12:00,1094,NOISE,144000,PAM20209_Zahn_narluga_fisher.sqlite3
11/23/2019 12:00,11/23/2019 18:00,1095,NOISE,144000,PAM20209_Zahn_narluga_fisher.sqlite3
11/23/2019 18:00,11/24/2019 0:00,1096,NOISE,144000,PAM20209_Zahn_narluga_fisher.sqlite3
11/24/2019 0:00,11/24/2019 6:00,1097,NOISE,144000,PAM20209_Zahn_narluga_fisher.sqlite3
11/24/2019 6:00,11/24/2019 12:00,1098,NOISE,144000,PAM20209_Zahn_narluga_fisher.sqlite3
11/24/2019 12:00,11/24/2019 18:00,1099,NOISE,144000,PAM20209_Zahn_narluga_fisher.sqlite3
11/24/2019 18:00,11/25/2019 0:00,1100,NOISE,144000,PAM20209_Zahn_narluga_fisher.sqlite3
11/25/2019 0:00,11/25/2019 6:00,1101,NOISE,144000,PAM20209_Zahn_narluga_fisher.sqlite3
11/25/2019 6:00,11/25/2019 12:00,1102,NOISE,144000,PAM20209_Zahn_narluga_fisher.sqlite3
11/25/2019 12:00,11/25/2019 18:00,1103,NOISE,144000,PAM20209_Zahn_narluga_fisher.sqlite3
11/25/2019 18:00,11/26/2019 0:00,1104,NOISE,144000,PAM20209_Zahn_narluga_fisher.sqlite3
11/26/2019 0:00,11/26/2019 6:00,1105,NOISE,144000,PAM20209_Zahn_narluga_fisher.sqlite3
11/26/2019 6:00,11/26/2019 12:00,1106,NOISE,144000,PAM20209_Zahn_narluga_fisher.sqlite3
11/26/2019 12:00,11/26/2019 18:00,1107,NOISE,144000,PAM20209_Zahn_narluga_fisher.sqlite3
11/26/2019 18:00,11/27/2019 0:00,1108,NOISE,144000,PAM20209_Zahn_narluga_fisher.sqlite3
11/27/2019 0:00,11/27/2019 6:00,1109,NOISE,144000,PAM20209_Zahn_narluga_fisher.sqlite3
11/27/2019 6:00,11/27/2019 12:00,1110,NOISE,144000,PAM20209_Zahn_narluga_fisher.sqlite3
11/27/2019 12:00,11/27/2019 18:00,1111,NOISE,144000,PAM20209_Zahn_narluga_fisher.sqlite3
11/27/2019 18:00,11/28/2019 0:00,1112,NOISE,144000,PAM20209_Zahn_narluga_fisher.sqlite3
11/28/2019 0:00,11/28/2019 6:00,1113,NOISE,144000,PAM20209_Zahn_narluga_fisher.sqlite3
11/28/2019 6:00,11/28/2019 12:00,1114,NOISE,144000,PAM20209_Zahn_narluga_fisher.sqlite3
11/28/2019 12:00,11/28/2019 18:00,1115,NOISE,144000,PAM20209_Zahn_narluga_fisher.sqlite3
11/28/2019 18:00,11/29/2019 0:00,1116,NOISE,144000,PAM20209_Zahn_narluga_fisher.sqlite3
11/29/2019 0:00,11/29/2019 6:00,1117,NOISE,144000,PAM20209_Zahn_narluga_fisher.sqlite3
11/29/2019 6:00,11/29/2019 12:00,1118,NOISE,144000,PAM20209_Zahn_narluga_fisher.sqlite3
11/29/2019 12:00,11/29/2019 18:00,1119,NOISE,144000,PAM20209_Zahn_narluga_fisher.sqlite3
11/29/2019 18:00,11/30/2019 0:00,1120,NOISE,144000,PAM20209_Zahn_narluga_fisher.sqlite3
11/30/2019 0:00,11/30/2019 6:00,1121,NOISE,144000,PAM20209_Zahn_narluga_fisher.sqlite3
11/30/2019 6:00,11/30/2019 12:00,1122,NOISE,144000,PAM20209_Zahn_narluga_fisher.sqlite3
11/30/2019 12:00,11/30/2019 18:00,1123,NOISE,144000,PAM20209_Zahn_narluga_fisher.sqlite3
11/30/2019 18:00,12/1/2019 0:00,1124,NOISE,144000,PAM20209_Zahn_narluga_fisher.sqlite3
12/1/2019 0:00,12/1/2019 6:00,1125,NOISE,144000,PAM20209_Zahn_narluga_fisher.sqlite3
12/1/2019 6:00,12/1/2019 12:00,1126,NOISE,144000,PAM20209_Zahn_narluga_fisher.sqlite3
12/1/2019 12:00,12/1/2019 18:00,1127,NOISE,144000,PAM20209_Zahn_narluga_fisher.sqlite3
12/1/2019 18:00,12/2/2019 0:00,1128,NOISE,144000,PAM20209_Zahn_narluga_fisher.sqlite3
12/2/2019 0:00,12/2/2019 6:00,1129,NOISE,144000,PAM20209_Zahn_narluga_fisher.sqlite3
12/2/2019 6:00,12/2/2019 12:00,1130,NOISE,144000,PAM20209_Zahn_narluga_fisher.sqlite3
12/2/2019 12:00,12/2/2019 18:00,1131,NOISE,144000,PAM20209_Zahn_narluga_fisher.sqlite3
12/2/2019 18:00,12/3/2019 0:00,1132,NOISE,144000,PAM20209_Zahn_narluga_fisher.sqlite3
12/3/2019 0:00,12/3/2019 6:00,1133,NOISE,144000,PAM20209_Zahn_narluga_fisher.sqlite3
12/3/2019 6:00,12/3/2019 12:00,1134,NOISE,144000,PAM20209_Zahn_narluga_fisher.sqlite3
12/3/2019 12:00,12/3/2019 18:00,1135,NOISE,144000,PAM20209_Zahn_narluga_fisher.sqlite3
12/3/2019 18:00,12/4/2019 0:00,1136,NOISE,144000,PAM20209_Zahn_narluga_fisher.sqlite3
12/4/2019 0:00,12/4/2019 6:00,1137,NOISE,144000,PAM20209_Zahn_narluga_fisher.sqlite3
12/4/2019 6:00,12/4/2019 12:00,1138,NOISE,144000,PAM20209_Zahn_narluga_fisher.sqlite3
12/4/2019 12:00,12/4/2019 18:00,1139,NOISE,144000,PAM20209_Zahn_narluga_fisher.sqlite3
12/4/2019 18:00,12/5/2019 0:00,1140,NOISE,144000,PAM20209_Zahn_narluga_fisher.sqlite3
12/5/2019 0:00,12/5/2019 6:00,1141,NOISE,144000,PAM20209_Zahn_narluga_fisher.sqlite3
12/5/2019 6:00,12/5/2019 12:00,1142,NOISE,144000,PAM20209_Zahn_narluga_fisher.sqlite3
12/5/2019 12:00,12/5/2019 18:00,1143,NOISE,144000,PAM20209_Zahn_narluga_fisher.sqlite3
12/5/2019 18:00,12/6/2019 0:00,1144,NOISE,144000,PAM20209_Zahn_narluga_fisher.sqlite3
12/6/2019 0:00,12/6/2019 6:00,1145,NOISE,144000,PAM20209_Zahn_narluga_fisher.sqlite3
12/6/2019 6:00,12/6/2019 12:00,1146,NOISE,144000,PAM20209_Zahn_narluga_fisher.sqlite3
12/6/2019 12:00,12/6/2019 18:00,1147,NOISE,144000,PAM20209_Zahn_narluga_fisher.sqlite3
12/6/2019 18:00,12/7/2019 0:00,1148,NOISE,144000,PAM20209_Zahn_narluga_fisher.sqlite3
12/7/2019 0:00,12/7/2019 6:00,1149,NOISE,144000,PAM20209_Zahn_narluga_fisher.sqlite3
12/7/2019 6:00,12/7/2019 12:00,1150,NOISE,144000,PAM20209_Zahn_narluga_fisher.sqlite3
12/7/2019 12:00,12/7/2019 18:00,1151,NOISE,144000,PAM20209_Zahn_narluga_fisher.sqlite3
12/7/2019 18:00,12/8/2019 0:00,1152,NOISE,144000,PAM20209_Zahn_narluga_fisher.sqlite3
12/8/2019 0:00,12/8/2019 6:00,1153,NOISE,144000,PAM20209_Zahn_narluga_fisher.sqlite3
12/8/2019 6:00,12/8/2019 12:00,1154,NOISE,144000,PAM20209_Zahn_narluga_fisher.sqlite3
12/8/2019 12:00,12/8/2019 18:00,1155,NOISE,144000,PAM20209_Zahn_narluga_fisher.sqlite3
12/8/2019 18:00,12/9/2019 0:00,1156,NOISE,144000,PAM20209_Zahn_narluga_fisher.sqlite3
12/9/2019 0:00,12/9/2019 6:00,1157,NOISE,144000,PAM20209_Zahn_narluga_fisher.sqlite3
12/9/2019 6:00,12/9/2019 12:00,1158,NOISE,144000,PAM20209_Zahn_narluga_fisher.sqlite3
12/9/2019 12:00,12/9/2019 18:00,1159,NOISE,144000,PAM20209_Zahn_narluga_fisher.sqlite3
12/9/2019 18:00,12/10/2019 0:00,1160,NOISE,144000,PAM20209_Zahn_narluga_fisher.sqlite3
12/10/2019 0:00,12/10/2019 6:00,1161,NOISE,144000,PAM20209_Zahn_narluga_fisher.sqlite3
12/10/2019 6:00,12/10/2019 12:00,1162,NOISE,144000,PAM20209_Zahn_narluga_fisher.sqlite3
12/10/2019 12:00,12/10/2019 18:00,1163,NOISE,144000,PAM20209_Zahn_narluga_fisher.sqlite3
12/10/2019 18:00,12/11/2019 0:00,1164,NOISE,144000,PAM20209_Zahn_narluga_fisher.sqlite3
12/11/2019 0:00,12/11/2019 6:00,1165,NOISE,144000,PAM20209_Zahn_narluga_fisher.sqlite3
12/11/2019 6:00,12/11/2019 12:00,1166,NOISE,144000,PAM20209_Zahn_narluga_fisher.sqlite3
12/11/2019 12:00,12/11/2019 18:00,1167,NOISE,144000,PAM20209_Zahn_narluga_fisher.sqlite3
12/11/2019 18:00,12/12/2019 0:00,1168,NOISE,144000,PAM20209_Zahn_narluga_fisher.sqlite3
12/12/2019 0:00,12/12/2019 6:00,1169,NOISE,144000,PAM20209_Zahn_narluga_fisher.sqlite3
12/12/2019 6:00,12/12/2019 12:00,1170,NOISE,144000,PAM20209_Zahn_narluga_fisher.sqlite3
12/12/2019 12:00,12/12/2019 18:00,1171,NOISE,144000,PAM20209_Zahn_narluga_fisher.sqlite3
12/12/2019 18:00,12/13/2019 0:00,1172,NOISE,144000,PAM20209_Zahn_narluga_fisher.sqlite3
12/13/2019 0:00,12/13/2019 6:00,1173,NOISE,144000,PAM20209_Zahn_narluga_fisher.sqlite3
12/13/2019 6:00,12/13/2019 12:00,1174,NOISE,144000,PAM20209_Zahn_narluga_fisher.sqlite3
12/13/2019 12:00,12/13/2019 18:00,1175,NOISE,144000,PAM20209_Zahn_narluga_fisher.sqlite3
12/13/2019 18:00,12/14/2019 0:00,1176,NOISE,144000,PAM20209_Zahn_narluga_fisher.sqlite3
12/14/2019 0:00,12/14/2019 6:00,1177,NOISE,144000,PAM20209_Zahn_narluga_fisher.sqlite3
12/14/2019 6:00,12/14/2019 12:00,1178,NOISE,144000,PAM20209_Zahn_narluga_fisher.sqlite3
12/14/2019 12:00,12/14/2019 18:00,1179,NOISE,144000,PAM20209_Zahn_narluga_fisher.sqlite3
12/14/2019 18:00,12/15/2019 0:00,1180,NOISE,144000,PAM20209_Zahn_narluga_fisher.sqlite3
12/15/2019 0:00,12/15/2019 6:00,1181,NOISE,144000,PAM20209_Zahn_narluga_fisher.sqlite3
12/15/2019 6:00,12/15/2019 12:00,1182,NOISE,144000,PAM20209_Zahn_narluga_fisher.sqlite3
12/15/2019 12:00,12/15/2019 18:00,1183,NOISE,144000,PAM20209_Zahn_narluga_fisher.sqlite3
12/15/2019 18:00,12/16/2019 0:00,1184,NOISE,144000,PAM20209_Zahn_narluga_fisher.sqlite3
12/16/2019 0:00,12/16/2019 6:00,1185,NOISE,144000,PAM20209_Zahn_narluga_fisher.sqlite3
12/16/2019 6:00,12/16/2019 12:00,1186,NOISE,144000,PAM20209_Zahn_narluga_fisher.sqlite3
12/16/2019 12:00,12/16/2019 18:00,1187,NOISE,144000,PAM20209_Zahn_narluga_fisher.sqlite3
12/16/2019 18:00,12/17/2019 0:00,1188,NOISE,144000,PAM20209_Zahn_narluga_fisher.sqlite3
12/17/2019 0:00,12/17/2019 6:00,1189,NOISE,144000,PAM20209_Zahn_narluga_fisher.sqlite3
12/17/2019 6:00,12/17/2019 12:00,1190,NOISE,144000,PAM20209_Zahn_narluga_fisher.sqlite3
12/17/2019 12:00,12/17/2019 18:00,1191,NOISE,144000,PAM20209_Zahn_narluga_fisher.sqlite3
12/17/2019 18:00,12/18/2019 0:00,1192,NOISE,144000,PAM20209_Zahn_narluga_fisher.sqlite3
12/18/2019 0:00,12/18/2019 6:00,1193,NOISE,144000,PAM20209_Zahn_narluga_fisher.sqlite3
12/18/2019 6:00,12/18/2019 12:00,1194,NOISE,144000,PAM20209_Zahn_narluga_fisher.sqlite3
12/18/2019 12:00,12/18/2019 18:00,1195,NOISE,144000,PAM20209_Zahn_narluga_fisher.sqlite3
12/18/2019 18:00,12/19/2019 0:00,1196,NOISE,144000,PAM20209_Zahn_narluga_fisher.sqlite3
12/19/2019 0:00,12/19/2019 6:00,1197,NOISE,144000,PAM20209_Zahn_narluga_fisher.sqlite3
12/19/2019 6:00,12/19/2019 12:00,1198,NOISE,144000,PAM20209_Zahn_narluga_fisher.sqlite3
12/19/2019 12:00,12/19/2019 18:00,1199,NOISE,144000,PAM20209_Zahn_narluga_fisher.sqlite3
12/19/2019 18:00,12/20/2019 0:00,1200,NOISE,144000,PAM20209_Zahn_narluga_fisher.sqlite3
12/20/2019 0:00,12/20/2019 6:00,1201,NOISE,144000,PAM20209_Zahn_narluga_fisher.sqlite3
12/20/2019 6:00,12/20/2019 12:00,1202,NOISE,144000,PAM20209_Zahn_narluga_fisher.sqlite3
